STG TO DAT,TPR or AMCB STG to DDM,DDM to DDM,DAT to DAT
Version,Version,Version,Version
Req ID,Req ID,Req ID,Req ID
System of Record,System of Record,,
Extract,Extract,Extract,Extract
Extract Field Name,Extract Field Name,Extract Column Name,Extract Column Name
TPR/AMCB STG Schema,TPR/AMCB STG Schema,Source DDM Table,Source DAT Table
TPR/AMCB STG Table,TPR/AMCB STG Table,Source DDM Field Name,Source DAT Field Name
TPR/AMCB STG Field Name,TPR/AMCB STG Field Name,Source DDM Field Type,Source DAT Field Type
TPR/AMCB STG Field Type,TPR/AMCB STG Field Type,Source DDM Field Length,Source DAT Field Length
TPR/AMCB STG Field Length,TPR/AMCB STG Field Length,Extract/Action,Extract/Action
Extract Action,Extract Action,,
Variable Definition,Variable Definition,,
DAT Schema,DDM Schema,Target DDM Schema,Target DAT Schema
DAT Table,DDM Field,Target DDM Table,Target DAT Table
DAT Field Name,DDM Field Name,Target DDM Field,Target DAT Field
DAT Field used for Shadow Update,DDM Field used for Shadow Update,,
DAT Field Type,DDM Field Type,Target DDM Field Type,Target DAT Field Type
DAT Field Length,DDM Field Length,Target DDM Field Length,Target DAT Field Length
Business Logic,Optional,Comments,Comments
